time_s,timestamp,rss_mb,vms_mb,cpu_percent,disk_read_mb,disk_write_mb,disk_read_rate_mb_s,disk_write_rate_mb_s
0.0,2026-06-26T01:51:38.345616,609.566,6522.301,0.238,155.981,0.123,0.0,0.0
-0.0,2026-06-26T01:51:38.345440,609.57,6522.301,0.403,155.981,0.123,1.175,0.0
0.002,2026-06-26T01:51:38.347201,609.746,6522.301,0.282,156.087,0.123,85.702,0.0
0.002,2026-06-26T01:51:38.347369,609.746,6522.301,0.198,156.088,0.123,3.744,0.0
0.012,2026-06-26T01:51:38.357356,609.82,6522.301,0.372,156.09,0.123,0.214,0.0
0.012,2026-06-26T01:51:38.357530,609.82,6522.301,0.261,156.09,0.123,4.024,0.0
0.012,2026-06-26T01:51:38.357796,609.82,6522.301,0.182,156.091,0.123,1.779,0.174
0.012,2026-06-26T01:51:38.357923,609.82,6522.301,0.128,156.091,0.123,4.33,0.0
0.117,2026-06-26T01:51:38.462407,667.578,6578.359,0.343,162.876,0.123,44.862,0.0
0.482,2026-06-26T01:51:38.827407,738.523,6647.918,0.414,163.471,0.124,1.87,0.003
0.582,2026-06-26T01:51:38.927843,738.523,6647.918,0.29,163.472,0.124,0.005,0.0
0.64,2026-06-26T01:51:38.985168,738.535,6647.918,0.203,163.478,0.124,0.104,0.0
0.678,2026-06-26T01:51:39.023761,698.23,6606.918,0.385,163.478,0.124,0.013,0.0
1.004,2026-06-26T01:51:39.349177,740.59,6649.57,0.507,170.808,0.124,22.541,0.001
1.143,2026-06-26T01:51:39.488126,740.605,6649.57,0.423,171.137,0.124,2.366,0.0
1.176,2026-06-26T01:51:39.521904,740.605,6649.57,0.365,171.151,0.124,0.435,0.0
1.205,2026-06-26T01:51:39.550508,684.512,6592.82,0.501,171.152,0.124,0.017,0.0
1.248,2026-06-26T01:51:39.593642,686.055,6592.82,0.562,171.62,0.124,10.486,0.0
1.476,2026-06-26T01:51:39.821352,8907.109,481968.965,14.61,171.949,0.124,1.456,0.0
1.674,2026-06-26T01:51:40.019876,17500.012,486321.121,36.059,172.278,0.124,1.656,0.0
1.775,2026-06-26T01:51:40.120377,22030.824,486321.121,50.465,172.278,0.124,0.005,0.0
2.103,2026-06-26T01:51:40.448888,26969.871,495067.41,46.033,172.607,0.124,1.002,0.0
2.261,2026-06-26T01:51:40.606839,29664.742,495067.41,45.72,172.937,0.124,2.087,0.0
2.362,2026-06-26T01:51:40.707411,28638.016,495067.41,32.4,172.937,0.124,0.005,0.0
2.523,2026-06-26T01:51:40.868961,26873.391,493531.41,24.625,173.267,0.124,2.044,0.0
2.624,2026-06-26T01:51:40.969504,28063.199,493531.41,29.575,173.268,0.124,0.005,0.0
2.782,2026-06-26T01:51:41.127888,26626.016,493531.41,21.68,173.597,0.124,2.087,0.0
2.883,2026-06-26T01:51:41.228311,28164.965,495067.41,29.924,173.598,0.124,0.005,0.001
3.041,2026-06-26T01:51:41.387057,29696.5,495067.41,30.302,173.928,0.124,2.082,0.0
3.142,2026-06-26T01:51:41.487508,28296.355,495067.41,21.444,173.928,0.124,0.005,0.0
3.875,2026-06-26T01:51:42.220184,14005.492,40857.176,15.824,174.257,0.126,0.449,0.002
3.924,2026-06-26T01:51:42.269878,13808.688,40619.922,18.044,174.257,0.126,0.01,0.002
3.925,2026-06-26T01:51:42.270435,13808.688,40619.922,12.631,174.258,0.126,1.665,0.0
3.925,2026-06-26T01:51:42.270634,13808.688,40619.922,33.22,174.258,0.126,2.55,0.0
3.925,2026-06-26T01:51:42.270780,13808.688,40619.922,39.686,174.259,0.126,3.634,0.0
3.925,2026-06-26T01:51:42.270913,13808.688,40619.922,45.666,174.259,0.126,3.823,0.0
3.925,2026-06-26T01:51:42.271054,13808.688,40619.922,31.966,174.26,0.126,3.68,0.0
3.926,2026-06-26T01:51:42.271172,13808.688,40619.922,22.377,174.26,0.126,4.195,0.0
3.926,2026-06-26T01:51:42.271279,13808.688,40619.922,15.664,174.261,0.126,4.721,0.0
3.926,2026-06-26T01:51:42.271458,13808.688,40619.922,10.964,174.261,0.126,2.628,0.0
3.926,2026-06-26T01:51:42.271578,13808.688,40619.922,7.675,174.262,0.126,4.29,0.0
3.927,2026-06-26T01:51:42.272213,13808.941,40619.922,12.417,174.262,0.126,0.717,0.0
3.927,2026-06-26T01:51:42.272385,13808.941,40619.922,8.692,174.263,0.126,3.902,0.0
3.927,2026-06-26T01:51:42.272513,13808.941,40619.922,6.085,174.263,0.126,3.865,0.0
3.927,2026-06-26T01:51:42.272628,13808.941,40619.922,4.259,174.264,0.126,4.354,0.0
3.927,2026-06-26T01:51:42.272744,13808.941,40619.922,2.981,174.264,0.126,4.264,0.0
3.927,2026-06-26T01:51:42.272870,13808.941,40619.922,2.087,174.265,0.126,3.851,0.0
3.934,2026-06-26T01:51:42.280085,13808.941,40619.922,13.098,174.265,0.129,0.068,0.476
3.935,2026-06-26T01:51:42.280282,13808.941,40619.922,9.168,174.266,0.129,3.47,0.0
3.935,2026-06-26T01:51:42.280424,13808.941,40619.922,6.418,174.266,0.129,3.59,0.0
3.935,2026-06-26T01:51:42.280601,13808.941,40619.922,4.492,174.267,0.129,2.743,0.0
4.014,2026-06-26T01:51:42.359689,13953.559,41719.434,3.53,174.595,0.129,4.148,0.0
4.115,2026-06-26T01:51:42.460122,14117.801,41719.434,2.704,174.596,0.129,0.005,0.0
4.254,2026-06-26T01:51:42.599547,14344.914,41719.434,2.196,174.924,0.129,2.36,0.0
4.354,2026-06-26T01:51:42.699963,14505.938,41719.434,1.77,174.925,0.129,0.005,0.0
4.494,2026-06-26T01:51:42.839494,14744.684,41719.434,1.525,175.253,0.129,2.358,0.0
5.326,2026-06-26T01:51:43.671445,14886.25,41697.355,1.307,1274.762,0.129,1320.726,0.0
5.398,2026-06-26T01:51:43.743153,13827.887,40638.836,1.145,1274.763,0.132,0.012,0.039
5.398,2026-06-26T01:51:43.743563,13827.887,40638.836,0.801,1274.764,0.132,2.287,0.0
5.398,2026-06-26T01:51:43.743725,13827.887,40638.836,0.561,1274.764,0.132,3.154,0.0
5.398,2026-06-26T01:51:43.743930,13827.887,40638.836,0.393,1274.765,0.132,2.429,0.0
5.398,2026-06-26T01:51:43.744067,13827.887,40638.836,0.275,1274.765,0.132,3.56,0.0
5.399,2026-06-26T01:51:43.744195,13827.887,40638.836,0.192,1274.766,0.132,4.047,0.0
5.399,2026-06-26T01:51:43.744324,13827.887,40638.836,0.135,1274.766,0.132,1.946,0.0
5.399,2026-06-26T01:51:43.744577,13827.887,40638.836,0.094,1274.767,0.132,2.577,0.0
5.399,2026-06-26T01:51:43.744772,13827.887,40638.836,0.066,1274.767,0.132,1.81,0.0
5.4,2026-06-26T01:51:43.745142,13827.887,40638.836,0.046,1274.768,0.132,1.255,0.0
5.4,2026-06-26T01:51:43.745458,13827.887,40638.836,0.032,1274.768,0.132,1.971,0.0
5.403,2026-06-26T01:51:43.749054,13827.887,40638.836,13.606,1274.769,0.132,0.276,0.0
5.404,2026-06-26T01:51:43.749348,13827.887,40638.836,9.524,1274.77,0.132,3.404,0.0
5.404,2026-06-26T01:51:43.749566,13827.887,40638.836,6.667,1274.77,0.132,2.56,0.0
5.404,2026-06-26T01:51:43.749778,13827.887,40638.836,4.667,1274.771,0.132,4.109,0.0
5.404,2026-06-26T01:51:43.749956,13827.887,40638.836,3.267,1274.772,0.132,3.71,0.0
5.405,2026-06-26T01:51:43.750124,13827.887,40638.836,32.287,1274.772,0.132,2.898,0.0
5.412,2026-06-26T01:51:43.757758,13827.887,40638.836,31.497,1274.773,0.136,0.147,0.551
5.412,2026-06-26T01:51:43.758093,13827.887,40638.836,29.415,1274.774,0.136,2.217,0.0
5.413,2026-06-26T01:51:43.758363,13827.887,40638.836,20.591,1274.775,0.136,2.949,0.0
5.413,2026-06-26T01:51:43.758966,13827.887,40638.836,14.413,1274.886,0.136,167.932,0.0
5.414,2026-06-26T01:51:43.759249,13827.887,40638.836,10.089,1274.887,0.136,2.812,0.0
5.414,2026-06-26T01:51:43.759510,13827.887,40638.836,7.063,1274.887,0.136,2.619,0.0
5.414,2026-06-26T01:51:43.759878,13827.887,40638.836,4.944,1274.998,0.136,336.006,0.0
5.415,2026-06-26T01:51:43.760710,13827.887,40638.836,3.461,1275.0,0.14,1.636,3.769
5.415,2026-06-26T01:51:43.760952,13827.887,40638.836,2.422,1275.001,0.14,3.847,0.0
5.416,2026-06-26T01:51:43.761157,13827.887,40638.836,1.696,1275.001,0.14,3.07,0.0
5.416,2026-06-26T01:51:43.761369,13827.887,40638.836,1.187,1275.002,0.14,2.521,0.0
5.416,2026-06-26T01:51:43.761585,13827.887,40638.836,0.831,1275.003,0.14,4.042,0.0
5.416,2026-06-26T01:51:43.761760,13827.887,40638.836,0.582,1275.003,0.14,4.27,0.0
5.416,2026-06-26T01:51:43.761917,13827.887,40638.836,0.407,1275.004,0.14,3.603,0.0
5.416,2026-06-26T01:51:43.762088,13827.887,40638.836,0.285,1275.005,0.14,3.339,0.0
5.417,2026-06-26T01:51:43.762268,13827.887,40638.836,0.2,1275.005,0.14,3.576,0.0
5.417,2026-06-26T01:51:43.762477,13827.887,40638.836,0.14,1275.006,0.14,3.029,0.0
5.417,2026-06-26T01:51:43.762663,13827.887,40638.836,0.098,1275.006,0.14,3.593,0.0
5.418,2026-06-26T01:51:43.763256,13827.887,40638.836,3.87,1275.008,0.14,2.359,0.0
5.418,2026-06-26T01:51:43.763534,13827.887,40638.836,2.709,1275.009,0.14,4.041,0.0
5.418,2026-06-26T01:51:43.763692,13827.887,40638.836,16.54,1275.009,0.14,3.707,0.0
5.418,2026-06-26T01:51:43.763840,13827.887,40638.836,11.578,1275.01,0.14,3.464,0.0
5.418,2026-06-26T01:51:43.764047,13827.887,40638.836,8.105,1275.011,0.14,3.126,0.0
5.419,2026-06-26T01:51:43.764245,13827.887,40638.836,35.673,1275.011,0.14,3.463,0.0
5.425,2026-06-26T01:51:43.770533,13827.887,40638.836,39.094,1275.012,0.144,0.151,0.665
5.425,2026-06-26T01:51:43.770818,13827.887,40638.836,27.365,1275.013,0.144,2.761,0.0
5.425,2026-06-26T01:51:43.771051,13827.887,40638.836,19.156,1275.014,0.144,3.088,0.0
5.427,2026-06-26T01:51:43.772748,13827.887,40638.836,28.406,1275.579,0.144,329.536,0.0
5.427,2026-06-26T01:51:43.773002,13827.887,40638.836,19.885,1275.58,0.144,2.357,0.0
5.428,2026-06-26T01:51:43.773275,13827.887,40638.836,13.919,1275.581,0.144,2.569,0.0
5.428,2026-06-26T01:51:43.774052,13827.887,40638.836,9.743,1276.146,0.144,737.558,0.0
5.429,2026-06-26T01:51:43.774872,13827.887,40638.836,6.82,1276.148,0.147,1.839,3.876
5.43,2026-06-26T01:51:43.775125,13827.887,40638.836,4.774,1276.148,0.147,2.831,0.0
5.492,2026-06-26T01:51:43.837586,13827.887,40638.836,3.642,1276.467,0.147,5.095,0.0
